customer_id,customer_name,customer_email,country,gender,age,annual_salary,credit_card_debt,net_worth,car_purchase_amount,age_group
1,"Martina Avila",cubilia.Curae.Phasellus@quisaccumsanconvallis.edu,USA,Male,42,62812.093010,11609.380910,238961.250500,35321.458770,Adult
2,"Harlan Barnes",eu.dolor@diam.co.uk,USA,Male,41,66646.892920,9572.957136,530973.907800,45115.525660,Adult
3,"Naomi Rodriquez",vulputate.mauris.sagittis@ametconsectetueradipiscing.co.uk,USA,Female,43,53798.551120,11160.355060,638467.177300,42925.709210,Adult
4,"Jade Cunningham",malesuada@dignissim.com,USA,Female,58,79370.037980,14426.164850,548599.052400,67422.363130,Senior
5,"Cedric Leach",felis.ullamcorper.viverra@egetmollislectus.net,USA,Female,57,59729.151300,5358.712177,560304.067100,55915.462480,Senior
6,"Carla Hester",mi@Aliquamerat.edu,USA,Female,57,68499.851620,14179.472440,428485.360400,56611.997840,Senior
7,"Griffin Rivera",vehicula@at.co.uk,USA,Female,47,39814.522000,5958.460188,326373.181200,28925.705490,Adult
8,"Orli Casey",nunc.est.mollis@Suspendissetristiqueneque.co.uk,USA,Female,50,51752.234450,10985.696560,629312.404100,47434.982650,Senior
9,"Marny Obrien",Phasellus@sedsemegestas.org,USA,Male,47,58139.259100,3440.823799,630059.027400,48013.614100,Adult
10,"Rhonda Chavez",nec@nuncest.com,USA,Female,43,53457.101320,12884.078680,476643.354400,38189.506010,Adult
11,"Jerome Rowe",ipsum.cursus@dui.org,USA,Female,50,73348.707450,8270.707359,612738.617100,59045.513090,Senior
12,"Akeem Gibson",turpis.egestas.Fusce@purus.edu,USA,Female,53,55421.657330,10014.969290,293862.512300,42288.810460,Senior
13,"Quin Smith",nulla@ipsum.edu,USA,Male,44,37336.338300,10218.320920,430907.167300,28700.033400,Adult
14,"Tatum Moon",Cras.sed.leo@Seddiamlorem.ca,USA,Male,48,68304.472980,9466.995128,420322.070200,49258.875710,Adult
15,"Sharon Sharpe",eget.metus@aaliquetvel.co.uk,USA,Male,55,72776.003820,10597.638140,146344.896500,49510.033560,Senior
16,"Thomas Williams",aliquet.molestie@ut.org,USA,Female,53,64662.300610,11326.034340,481433.432400,53017.267230,Senior
17,"Blaine Bender",ultrices.posuere.cubilia@pedenonummyut.net,USA,Male,45,63259.878370,11495.549990,370356.222300,41814.720670,Adult
18,"Stephen Lindsey",erat.eget.ipsum@tinciduntpede.org,USA,Female,48,52682.064010,12514.520290,549443.588600,43901.712440,Adult
19,"Sloane Mann",at.augue@augue.net,USA,Female,52,54503.144230,7377.820914,431098.999800,44633.992410,Senior
20,"Athena Wolf",volutpat.Nulla.facilisis@primis.ca,USA,Male,59,55368.237160,13272.946470,566022.130600,54827.524030,Senior
21,"Blythe Romero",Sed.eu@risusNuncac.co.uk,USA,Female,52,63435.863040,11878.037790,480588.234500,51130.953790,Senior
22,"Zelenia Byers",auctor.non@sapien.co.uk,USA,Male,48,64347.345310,10905.366280,307226.097700,43402.315250,Adult
23,"Nola Wiggins",Aliquam@augue.edu,USA,Female,46,65176.690550,7698.552234,497526.456600,47240.860040,Adult
24,"Micah Wheeler",arcu.eu@tincidunt.org,USA,Female,47,52027.638370,11960.853770,688466.050300,46635.494320,Adult
25,"Caryn Hendrix",condimentum.Donec@duiCum.com,USA,Male,40,69612.012300,8125.598993,499086.344200,45078.401930,Adult
26,"Hedda Miranda",scelerisque@magnased.com,USA,Male,53,53065.571750,17805.576070,429440.329700,44387.584120,Senior
27,"Ulric Lynn",sociis@vulputateveliteu.com,USA,Male,28,82842.533850,13102.158050,315775.320700,37161.553930,Teenager
28,"Alma Pope",Nunc.mauris.Morbi@turpis.org,USA,Male,56,61388.627090,14270.007310,341691.933700,49091.971850,Senior
29,"Gemma Hendrix",lobortis@non.co.uk,USA,Female,46,100000.000000,17452.921790,188032.077800,58350.318090,Adult
30,"Castor Wood",velit.Pellentesque@Nulla.net,USA,Female,40,62891.865560,12522.940520,583230.976000,43994.359720,Adult
31,"Herman Stevenson",sociosqu.ad.litora@erat.com,USA,Female,33,39627.124800,9371.511071,319837.659300,17584.569630,Adult
32,"Adrienne Bolton",dictum@magnaPraesent.ca,USA,Female,40,68859.564890,13417.020270,486069.073000,44650.360730,Adult
33,"Dahlia Cleveland",tincidunt.tempus@idsapien.co.uk,USA,Female,51,82358.226830,8092.475103,655934.466600,66363.893160,Senior
34,"Keane Browning",Curabitur@acipsumPhasellus.co.uk,USA,Male,51,67904.398950,11417.309520,487435.964000,53489.462140,Senior
35,"Quon Hull",nascetur.ridiculus.mus@dignissim.co.uk,USA,Male,46,65311.682250,7988.753685,215673.538400,39810.348170,Adult
36,"Coby Charles",nec@dolornonummyac.com,USA,Male,51,59593.262400,12252.730580,612242.775500,51612.143110,Senior
37,"Amery Cortez",semper.et.lacinia@Morbiquisurna.ca,USA,Female,50,47460.548090,7405.534271,430624.814200,38978.674580,Senior
38,"Uriel Bradshaw",ultrices@Integersemelit.com,USA,Female,22,43131.784110,10917.140940,326742.735200,10092.225090,Teenager
39,"Fredericka Sanders",Curabitur@Infaucibus.ca,USA,Male,51,52263.698060,8838.759509,213040.960600,35928.524040,Senior
40,"Christopher Stevens",blandit.enim@lacusvariuset.org,USA,Female,48,80959.533100,4499.921096,379749.915200,54823.192210,Adult
41,"Rachel Ashley",tincidunt.tempus.risus@posuerecubiliaCurae.co.uk,USA,Male,42,66417.665970,9183.327621,513340.009700,45805.671860,Adult
42,"Lael Wright",a@consequatpurusMaecenas.com,USA,Female,46,58457.414920,12491.012730,410655.994700,41567.470330,Adult
43,"Ryder Shaffer",Phasellus.dapibus.quam@inhendrerit.ca,USA,Male,38,50571.459690,13338.328520,348833.840300,28031.209850,Adult
44,"Eric Noel",lacinia.at.iaculis@Fuscefermentumfermentum.edu,USA,Female,39,50943.162560,10816.885500,299734.127800,27815.738130,Adult
45,"Tamara Guy",nec.eleifend@orci.org,USA,Female,61,79792.130960,14245.533190,497950.293300,68678.435200,Senior
46,"Quincy Bell",in@Duisgravida.co.uk,USA,Male,55,70787.277640,10155.340950,853913.853200,68925.094470,Senior
47,"Lee Taylor",Vivamus.nisi.Mauris@miAliquam.co.uk,USA,Female,42,56098.507730,11675.284960,320228.645100,34215.761500,Adult
48,"Kenneth Pope",vitae.sodales.at@molestiearcuSed.org,USA,Male,51,57478.379220,2230.096344,158979.710200,37843.466190,Senior
49,"Reese Vance",egestas@malesuadavelvenenatis.com,USA,Female,41,60181.406330,7094.896557,390312.171500,37883.242310,Adult
50,"Quon Carroll",sodales@pharetra.com,USA,Male,40,74445.081680,7915.758178,527420.726900,48734.357080,Adult
51,"Magee Davidson",Quisque@tempor.net,USA,Female,41,38406.778900,11023.002680,451846.199500,27187.239140,Adult
52,"Leilani Gross",dignissim@mollisDuissit.org,USA,Male,56,64616.688100,12378.540890,779925.789200,63738.390650,Senior
53,"Morgan William",sociis.natoque.penatibus@uterat.ca,USA,Male,46,68107.931440,7813.602657,455609.142900,48266.755160,Adult
54,"Francesca Cervantes",leo@sitametdapibus.edu,USA,Female,37,72471.815320,11216.886760,583523.076200,46381.131110,Adult
55,"Rafael Peterson",lectus.a.sollicitudin@tortorat.net,USA,Female,52,35069.418860,1851.979839,353757.505700,31978.979900,Senior
56,"Roanna Knox",dolor.nonummy@metusurnaconvallis.net,USA,Male,57,52422.946910,6998.465620,438067.750600,48100.290520,Senior
57,"Marny Vargas",nonummy.Fusce.fermentum@ligula.org,USA,Female,34,84467.789880,7772.444847,468238.791500,47380.912240,Adult
58,"Charlotte Waller",odio@Nuncac.org,USA,Female,43,51419.507770,11331.204470,636407.114800,41425.001160,Adult
59,"Dorian Hernandez",conubia.nostra.per@diam.co.uk,USA,Female,50,46609.516260,7592.019748,409419.579700,38147.810180,Senior
60,"Armando Hensley",Class.aptent@torquentper.com,USA,Female,42,55207.456790,9976.434857,286062.516200,32737.801770,Adult
61,"Rowan Kidd",sapien.Aenean.massa@adipiscing.ca,USA,Female,42,46689.415900,7829.565502,615765.928900,37348.137370,Adult
62,"Gwendolyn Rice",Duis@metusIn.com,USA,Male,42,71847.254400,4225.328117,476088.399600,47483.853160,Adult
63,"Gareth Morris",est.Nunc.laoreet@nullavulputatedui.edu,USA,Male,55,69236.686080,9842.842611,242495.988600,49730.533390,Senior
64,"Sawyer Carney",erat.Sed@Phasellus.ca,USA,Male,53,54006.778510,15189.088450,246321.891600,40093.619810,Senior
65,"Raya Shields",tincidunt.aliquam@orciluctuset.com,USA,Male,53,47228.359990,9046.182396,456634.207300,42297.506200,Senior
66,"Olga Serrano",risus@urnasuscipitnonummy.edu,USA,Male,43,70187.503280,6841.540577,662176.485100,52954.931210,Adult
67,"Yuli Craig",lobortis.quis.pede@Seddiam.com,USA,Male,55,62262.948450,11785.879190,301026.220600,48104.111840,Senior
68,"Lev Kramer",eu.odio@tristique.org,USA,Female,43,59195.828990,8634.376791,573054.380800,43680.913270,Adult
69,"Nissim Acosta",enim@at.net,USA,Female,57,48716.672710,10886.917110,662382.662300,52707.968160,Senior
70,"Miranda Berry",lorem@necmauris.ca,USA,Female,52,66478.009670,13685.887020,356553.399600,49392.889700,Senior
71,"Owen Jacobson",ac.orci@Etiamimperdietdictum.edu,USA,Female,45,50280.004500,11350.494080,230728.300800,30841.001540,Adult
72,"Marvin Becker",congue.elit@vestibulumneceuismod.ca,USA,Male,56,57393.828720,5627.803654,411831.037100,49373.375550,Senior
73,"Davis Scott",neque@variusultricesmauris.edu,USA,Male,41,63429.931410,10676.218840,481335.358200,41903.651710,Adult
74,"Matthew Colon",facilisis@Nullainterdum.edu,USA,Female,48,59139.210800,4630.544424,473845.854600,45058.896900,Adult
75,"Quinlan Harris",libero.nec@adipiscing.org,USA,Female,56,67015.193720,13000.413690,355157.641700,52991.526670,Senior
76,"Hedley Greene",eleifend@felis.org,USA,Male,47,69157.452100,15791.611760,506986.982400,50958.081150,Adult
77,"Orson Kirby",cursus@nectellus.co.uk,USA,Female,53,50867.940070,16732.306380,344916.176800,41357.178970,Senior
78,"Adria Mathis",Aliquam.rutrum.lorem@Donec.net,USA,Female,57,53450.900360,8740.723093,309113.062700,44434.719170,Senior
79,"Peter Stout",dictum.mi.ac@semperrutrumFusce.com,USA,Male,39,70463.990840,10059.554060,278799.695800,38502.423920,Adult
80,"Cleo Moore",pede.et@Sedeu.com,USA,Male,45,52697.151920,861.816653,540805.494000,41221.249180,Adult
81,"Cally Montoya",sit@pedeCum.ca,USA,Female,33,71055.419240,6147.918843,441527.014400,38399.461390,Adult
82,"Ila Farrell",lacus@velit.edu,USA,Female,44,55406.462150,9522.576495,523251.266300,41456.680970,Adult
83,"Abel Stanton",eu.lacus.Quisque@congue.edu,USA,Female,40,48567.074620,9724.031647,407401.377600,30394.824940,Adult
84,"Reed Roman",laoreet.libero@laoreetlectus.com,USA,Male,40,69506.621270,5449.471997,409293.265800,42384.051280,Adult
85,"September Puckett",tincidunt@consequatpurusMaecenas.net,USA,Female,37,69453.716590,9565.830875,386128.133300,39002.077100,Adult
86,"Teegan Barr",non.lorem.vitae@eratVivamus.org,USA,Female,40,36929.351240,9719.192898,245664.365200,19553.273900,Adult
87,"Alexander York",eu.odio.Phasellus@ipsumporta.edu,USA,Female,44,63087.952610,11024.026430,496856.491200,45167.325420,Adult
88,"Jared Green",laoreet@sagittis.edu,USA,Male,43,50889.340540,11041.178910,448601.948400,36019.955600,Adult
89,"Eagan Woodward",varius.et@Maecenas.edu,USA,Female,58,58065.256940,4204.920492,388498.510200,50937.938440,Senior
90,"Ferdinand Weber",metus.Vivamus@vitaeposuere.org,USA,Female,32,20000.000000,14261.807730,579181.655200,12895.714680,Adult
91,"Kitra Kerr",scelerisque@Vivamusnon.co.uk,USA,Female,50,60536.204060,8244.470226,173079.179800,38955.219190,Senior
92,"Desirae Stone",Morbi.sit@Aliquamfringilla.ca,USA,Female,59,50667.697590,9871.403591,536665.046400,51221.042490,Senior
93,"Len Phillips",libero.lacus@Suspendisseseddolor.net,USA,Female,42,44376.622210,13865.090550,259049.282400,25971.956730,Adult
94,"Yen Santana",ornare.facilisis@ornarelibero.ca,USA,Male,50,75958.283490,10562.903770,635512.360600,60670.336720,Senior
95,"Martina Fuentes",elit@nequeIn.com,USA,Female,53,70896.728530,11794.739140,398746.845800,54075.120640,Senior
96,"Ariana Nash",vel.turpis.Aliquam@consequatpurus.edu,USA,Female,47,56009.730730,11030.265400,391848.604100,40004.871420,Adult
97,"Glenna Graham",sodales@maurisSuspendisse.com,USA,Male,46,90556.626860,13872.566700,479586.938700,61593.520580,Adult
98,"Holmes Lane",ac.orci@accumsaninterdum.co.uk,USA,Female,43,71716.456620,8870.714301,165866.200000,39503.388290,Adult
99,"Emerald Hamilton",sit.amet.orci@facilisis.edu,USA,Male,49,68502.109430,5831.118245,515084.189100,52474.718390,Adult
100,"Gage Marquez",malesuada.vel@dictum.co.uk,USA,Male,43,46261.426660,16767.263600,759479.459600,42187.682800,Adult
101,"Travis Burks",dictum@liberolacusvarius.ca,USA,Female,53,61858.190770,5189.083564,706977.053000,57441.444140,Senior
102,"Otto Oneill",arcu.Morbi.sit@elementum.ca,USA,Female,36,49483.832620,11811.252530,242292.920000,22681.716670,Adult
103,"Brian Mathews",vulputate.mauris.sagittis@orciluctus.com,USA,Female,30,68289.182290,7357.787011,404457.309900,33640.736970,Adult
104,"Ralph Rich",et@tellus.edu,USA,Male,37,47399.228270,14562.641940,537744.132400,31540.778680,Adult
105,"Yasir Tyler",pharetra.sed.hendrerit@adipiscinglobortisrisus.edu,USA,Male,48,63975.060900,10614.854490,891439.876100,60461.242680,Adult
106,"Dominic Mcintosh",Cras.vehicula@nibhPhasellusnulla.net,USA,Male,44,75460.523620,6280.929547,296972.408500,45738.334300,Adult
107,"Tanner Ward",diam@orciUt.ca,USA,Male,42,51075.461180,12416.848450,450402.293200,34803.823950,Adult
108,"Wing Gray",urna.nec@tempusscelerisquelorem.org,USA,Female,50,42433.546190,7335.524826,386057.421000,34642.602400,Senior
109,"Lionel Mcclure",odio.auctor.vitae@placeratorcilacus.edu,USA,Female,30,61922.897100,10366.503260,323453.202200,27586.718540,Adult
110,"Wing Parks",sagittis@magnased.ca,USA,Female,42,69946.939240,9010.648633,778537.209500,54973.024950,Adult
111,"Oleg Gordon",Nunc.sollicitudin.commodo@blanditat.co.uk,USA,Female,46,73476.422490,9656.806156,386287.020800,49142.511740,Adult
112,"Jamal Stephenson",lorem.lorem@in.edu,USA,Female,55,75571.201880,12887.548990,416540.299000,58840.539640,Senior
113,"Kadeem Larsen",ornare.lectus.ante@lectusNullam.net,USA,Male,44,82573.011320,1696.989764,562605.065500,57306.328660,Adult
114,"Todd Maldonado",dui.semper.et@aultricies.net,USA,Male,58,50649.644920,11211.720160,565932.186100,51941.675600,Senior
115,"Victor Yang",arcu.Vivamus.sit@egestasSed.com,USA,Female,42,53427.461920,7903.103591,238529.633600,30240.609750,Adult
116,"Quamar Cummings",mauris@convallisconvallisdolor.co.uk,USA,Female,57,75247.180610,13258.466310,659279.201100,67120.898780,Senior
117,"Dominic Hughes",cursus.vestibulum.Mauris@pedenonummy.com,USA,Female,43,69175.194030,6039.594519,325701.408300,42408.026250,Adult
118,"Lamar Hensley",erat@pedeac.co.uk,USA,Male,35,84171.167190,12719.644150,244310.573600,41451.718430,Adult
119,"Solomon Atkinson",Aliquam@laoreet.net,USA,Male,43,45721.668350,14250.523980,790526.550700,42592.886470,Adult
120,"Dean Snider",tempus@sit.ca,USA,Male,35,54355.759500,10008.767970,573052.011900,34521.176180,Adult
121,"Vernon Kidd",sapien.imperdiet.ornare@vitaeerat.edu,USA,Female,34,77206.483860,8493.098575,411070.482800,42213.696440,Adult
122,"Dolan Clayton",justo@est.ca,USA,Male,48,57005.185950,12416.790830,408147.040500,41913.537130,Adult
123,"Marvin Deleon",lectus.Nullam@congueelitsed.ca,USA,Female,53,65809.107820,4820.839445,692401.466800,59416.181010,Senior
124,"Merrill Bailey",natoque.penatibus@nislsem.net,USA,Male,47,65468.144200,7248.541420,588570.890300,51402.615060,Adult
125,"Adrian Brock",Cras.lorem@nonvestibulumnec.net,USA,Male,54,60991.824430,7329.228510,586368.929300,54755.420380,Senior
126,"Rigel Craft",diam.eu.dolor@Proin.com,USA,Male,51,61809.074510,2620.079459,407733.522900,47143.440080,Senior
127,"Chaim Lewis",luctus@ut.org,USA,Male,59,66905.476440,10077.495920,651215.643500,64391.689060,Senior
128,"Kyle Evans",magnis@vitaenibh.org,USA,Male,49,65131.250150,6206.922109,53366.138610,37252.551940,Adult
129,"Ulysses Craig",sit.amet@orci.ca,USA,Female,51,83626.307830,8458.749819,167031.555400,52665.365110,Senior
130,"Nolan Nixon",arcu@etultricesposuere.co.uk,USA,Male,40,64328.278920,13860.438210,567357.026400,44001.207060,Adult
131,"Oren Rosario",ultrices.Vivamus.rhoncus@lacusMauris.net,USA,Female,53,69255.987530,18361.249150,339207.277400,51551.679970,Senior
132,"Hector Bowers",eget@Morbiquisurna.co.uk,USA,Female,45,60575.126040,8088.344365,291360.029100,38243.664810,Adult
133,"Tate Molina",erat@sitamet.ca,USA,Male,45,63729.125680,12507.197360,271430.054300,39766.648040,Adult
134,"Julian Alexander",Integer.id.magna@consequatenimdiam.co.uk,USA,Male,37,64315.736710,14871.361260,502946.881900,40077.572890,Adult
135,"Lucian Medina",rutrum@temporbibendum.com,USA,Male,43,51419.016440,9026.061543,362564.346000,33131.527340,Adult
136,"Todd Bass",Lorem.ipsum.dolor@et.edu,USA,Male,48,53870.484830,14720.533990,701782.528000,48622.660970,Adult
137,"Mannix Snow",elit@euismodenim.net,USA,Male,49,56895.231530,9851.578109,580950.396700,47693.234820,Adult
138,"Benedict Serrano",blandit.viverra@mollisDuis.co.uk,USA,Female,48,52534.207780,7583.753853,401955.501000,39410.461600,Adult
139,"Yoshio Potter",fringilla.cursus.purus@dolorvitae.ca,USA,Female,45,52632.971240,12348.677830,293999.942700,33428.401830,Adult
140,"Stone Koch",facilisis.Suspendisse@Duissit.ca,USA,Female,43,42375.214240,6062.601360,510039.148400,32700.278710,Adult
141,"Elliott Horne",sollicitudin.adipiscing.ligula@Sedeu.co.uk,USA,Male,62,65617.291750,14392.288330,560593.416000,62864.430110,Senior
142,"Tanner Johnson",blandit.at@vulputateullamcorpermagna.org,USA,Female,46,49398.744390,6994.617316,174525.842600,29425.830010,Adult
143,"Gabriel Carson",et@venenatis.co.uk,USA,Male,51,63869.649280,12860.658240,260269.096300,44418.609550,Senior
144,"Cain Love",est.mollis.non@placerat.com,USA,Female,44,60871.182480,4397.947571,262959.250600,36645.560900,Adult
145,"Barry Larsen",Praesent.eu.dui@bibendumsed.com,USA,Male,57,68090.508700,6181.970908,316064.033800,53655.538590,Senior
146,"Lawrence Ryan",condimentum@duilectus.co.uk,USA,Male,60,54122.878270,15164.875060,254617.260900,45977.125020,Senior
147,"Allen Burke",eu.ultrices@In.edu,USA,Female,39,59316.937040,12296.341580,510811.369500,38504.394440,Adult
148,"Nero Morgan",non.sapien@seddictumeleifend.edu,USA,Male,61,38779.183960,12758.895830,581497.887400,47935.939400,Senior
149,"Reuben Holden",pede.nonummy@Vivamusnonlorem.co.uk,USA,Female,50,88292.732050,10799.138100,378357.938500,60222.226720,Senior
150,"Orson Hyde",gravida.sit@eget.net,USA,Female,37,68688.401990,15796.318380,375889.638100,38930.552340,Adult
151,"Nolan Conner",feugiat@felisNulla.org,USA,Female,45,51906.850220,13686.969350,85520.850550,27810.218140,Adult
152,"Stuart Reed",elementum@SeddictumProin.net,USA,Female,50,52373.794460,11347.629670,633383.492500,47604.345910,Senior
153,"Rashad Harper",auctor@arcuimperdiet.ca,USA,Male,32,73768.124530,8132.073716,562663.811600,42356.689500,Adult
154,"Dieter Delaney",sit.amet.risus@ipsum.ca,USA,Male,34,55576.840680,9396.008371,475126.125200,31300.543470,Adult
155,"Hop Farley",in@et.co.uk,USA,Female,45,59689.814380,14862.840110,449895.304600,42369.642470,Adult
156,"Darius Herring",imperdiet@sem.edu,USA,Male,50,55381.532250,5088.239017,20000.000000,31837.225370,Senior
157,"Baker Saunders",Aliquam.nisl@hendreritidante.org,USA,Male,51,34154.776540,5316.010491,216355.340600,26499.314180,Senior
158,"Kermit Fuentes",ac@sedpedeCum.org,USA,Male,53,54382.748100,6940.056371,191168.447600,38172.836020,Senior
159,"Marvin Garner",in@sed.org,USA,Male,34,65919.597310,7594.363993,543789.721200,39433.406310,Adult
160,"Sebastian Marks",et.eros@feugiatmetussit.net,USA,Male,56,39488.455820,10992.333830,363561.197200,37714.316590,Senior
161,"Hector Price",Aliquam.nisl@semegetmassa.co.uk,USA,Female,57,72637.844820,14938.506130,352507.901200,57125.415410,Senior
162,"Holmes Irwin",Nunc.sed.orci@Namligulaelit.net,USA,Female,48,67247.076980,9851.689538,368344.063700,46453.348190,Adult
163,"Trevor Faulkner",ut@vitaesodales.net,USA,Male,40,71271.844070,13122.456940,411045.833200,43855.060770,Adult
164,"Gannon Nguyen",et.rutrum.eu@congue.net,USA,Male,50,71693.447420,14421.482980,517480.093700,55592.703830,Senior
165,"Quentin Randall",Fusce.aliquet@egetmassa.co.uk,USA,Male,47,57860.531030,7146.192574,445745.554400,42484.022830,Adult
166,"Baker Norton",convallis@purus.net,USA,Female,39,69142.084120,8707.511532,399124.448900,40879.191070,Adult
167,"Hakeem Mendoza",Maecenas@scelerisquelorem.ca,USA,Female,36,52477.664940,12071.416840,97706.891810,20653.214090,Adult
168,"Peter Maynard",vel.est.tempor@egetvenenatisa.com,USA,Female,44,47592.047490,13167.657630,473101.027300,35438.805490,Adult
169,"Devin Humphrey",sodales.Mauris@ametornare.ca,USA,Male,47,48123.369830,921.534023,405550.168900,36112.793460,Adult
170,"Isaiah Harding",pede.blandit@disparturient.net,USA,Female,33,76916.415150,13923.962070,315183.568800,38182.304650,Adult
171,"Graiden Powell",pellentesque.tellus@faucibusidlibero.com,USA,Female,42,65714.464690,12557.081330,362707.027300,41026.024210,Adult
172,"Chancellor Padilla",pharetra@nuncsedlibero.edu,USA,Female,47,40346.064910,11505.899060,255922.473000,27889.951970,Adult
173,"Philip Barnes",senectus.et.netus@nibhDonecest.net,USA,Male,40,71148.202480,7917.650970,416817.467300,43724.489600,Adult
174,"Cameron Cash",auctor@ipsum.org,USA,Female,54,81757.668560,7500.778414,278181.835400,57430.769030,Senior
175,"Eric Green",arcu.vel.quam@magnaPraesentinterdum.co.uk,USA,Male,38,64867.149110,13962.952840,498441.568700,41104.071080,Adult
176,"Tanek Koch",blandit@nunc.org,USA,Male,40,70051.940330,4701.316175,613706.542100,49050.853780,Adult
177,"Alan Browning",purus@Sed.ca,USA,Female,45,62043.166230,4980.668295,357639.033400,41265.529290,Adult
178,"Phelan Montoya",magna.tellus.faucibus@etmalesuadafames.co.uk,USA,Male,51,85186.489210,12413.031900,546630.528400,64545.163390,Senior
179,"Chancellor Patel",metus.eu.erat@suscipitnonummy.com,USA,Female,38,47127.416320,10221.153880,427011.495400,29052.095210,Adult
180,"Palmer Cohen",non.leo@mollis.net,USA,Female,34,61177.086980,9837.222432,340663.326100,30719.815600,Adult
181,"Ahmed Wright",consectetuer@auctorodio.com,USA,Female,50,57770.364880,8628.434025,211765.249400,38763.113060,Senior
182,"Burton Carroll",rhoncus.id.mollis@Maurisvel.org,USA,Male,42,60432.403670,11417.462570,415005.358400,39331.201270,Adult
183,"Nero Miranda",semper@vulputateposuere.net,USA,Female,33,58999.888580,6904.420412,478422.797300,32608.454680,Adult
184,"Ali Strong",dis.parturient.montes@eratvel.com,USA,Female,56,62645.955160,11431.229660,613242.166800,58045.562570,Senior
185,"Nasim Ryan",est.congue.a@convalliserat.net,USA,Male,57,68782.157180,9810.752690,350157.839400,54387.277270,Senior
186,"August Duncan",tempor.bibendum@Nuncpulvinar.co.uk,USA,Female,37,67545.963820,7171.466112,322905.459200,36638.206880,Adult
187,"Kieran Gilliam",ac.nulla@consectetueripsumnunc.co.uk,USA,Male,51,42415.488670,5205.008323,520997.238500,39522.131290,Senior
188,"Stone Hunt",convallis.erat@eratvel.org,USA,Male,63,44617.983140,9683.735879,251702.115800,42978.346260,Senior
189,"Malachi Henson",adipiscing.elit@Nunc.com,USA,Female,53,72226.560300,5817.153854,623033.482000,60865.763960,Senior
190,"Seth Massey",in.aliquet@fermentumvel.com,USA,Female,51,48958.905350,2418.864340,615672.468100,46380.447320,Senior
191,"Ulric Robles",fringilla@ornare.edu,USA,Female,48,86067.835270,9181.067430,335652.623400,56579.903380,Adult
192,"Gannon Marquez",Aliquam@porttitor.net,USA,Female,41,65554.401800,12026.579750,462613.858700,42774.355790,Adult
193,"Marshall Armstrong",ipsum.cursus.vestibulum@a.com,USA,Male,39,69248.495300,6445.784981,298246.060900,37879.653850,Adult
194,"Christian Huffman",dignissim.Maecenas@tinciduntnuncac.co.uk,USA,Male,45,59331.235550,10027.534490,543313.345400,45208.425390,Adult
195,"Gil Sanders",eu.ultrices@cursuset.net,USA,Male,70,52323.244800,12438.856480,346555.171600,56229.412700,Senior
196,"Otto Thomas",orci.tincidunt.adipiscing@erat.edu,USA,Male,51,63552.851750,9347.503530,474763.469600,50455.119350,Senior
197,"Moses Blackburn",et.malesuada.fames@musProin.edu,USA,Male,51,75116.106130,5969.666602,232607.390700,49721.310820,Senior
198,"Drake Chen",enim.commodo@consequatenimdiam.com,USA,Male,42,38284.020130,15467.787450,587010.552100,31696.996790,Adult
199,"Christian Hernandez",dolor@vehiculaPellentesque.co.uk,USA,Female,50,55293.507770,9465.090098,629764.274300,49220.021800,Senior
200,"Jelani F. Pace",Morbi@atarcuVestibulum.co.uk,USA,Female,40,63210.762350,3657.863218,664431.396600,46188.835140,Adult
201,"Tiger I. Melton",rhoncus@nisl.net,USA,Female,44,54918.387490,8920.385015,347017.833100,36086.931610,Adult
202,"Quail D. Horne",sit.amet@FuscemollisDuis.org,USA,Male,52,57262.795810,7793.073201,322150.354200,43264.049650,Senior
203,"Hammett A. Manning",sapien.cursus.in@netus.edu,USA,Female,41,72299.950100,11544.933850,275389.070100,40660.383170,Adult
204,"Lamar V. Guthrie",vel@arcuVestibulumante.com,USA,Male,57,50241.489850,14817.708960,607395.018300,51683.608590,Senior
205,"Abra D. Golden",odio@Duis.com,USA,Male,54,65834.568890,15353.257740,152012.353000,44525.020850,Senior
206,"Vaughan L. Mathis",eu@iaculis.org,USA,Female,50,60382.178850,11302.882770,490444.411100,48518.901630,Senior
207,"Alfreda V. Harrell",molestie@mi.net,USA,Female,37,68691.170860,16305.789070,619707.420300,45805.305880,Adult
208,"Nora X. Decker",non.enim@diam.org,USA,Male,52,65446.656870,8491.586154,571564.790100,54850.387420,Senior
209,"Jeanette Q. Leach",vitae@nisl.net,USA,Male,43,42978.342840,8884.110690,491193.377300,32478.447580,Adult
210,"Keiko O. Whitaker",est@porttitortellus.com,USA,Male,52,58143.062850,9686.119304,261152.821100,42209.289480,Senior
211,"Hector F. Leblanc",Curabitur@maurisaliquameu.net,USA,Male,64,61666.285200,11672.723820,299854.218600,55125.932370,Senior
212,"Emerald R. Cohen",in.consequat.enim@consectetuer.edu,USA,Male,51,64854.339660,3247.887523,371240.241300,47984.420620,Senior
213,"Cathleen E. Ortega",lectus@aliquamenim.org,USA,Male,55,45757.155680,11207.015560,465709.893700,43405.890860,Senior
214,"Velma K. Moses",augue.scelerisque@luctuslobortis.com,USA,Female,47,73096.509270,10743.793000,196421.740200,44577.448290,Adult
215,"Lael W. Sheppard",eu.metus@sodalespurusin.net,USA,Female,36,67249.059320,12998.472320,396793.473400,37744.542850,Adult
216,"Indigo P. Dejesus",quam.Pellentesque.habitant@felis.com,USA,Male,39,77165.812970,8737.203190,478853.321700,47805.256050,Adult
217,"Quinlan S. Cantu",pede.Praesent.eu@Aliquam.net,USA,Female,45,72316.182860,8728.916803,279393.491000,44846.685570,Adult
218,"Mariam I. Montgomery",vel.mauris@accumsanneque.co.uk,USA,Female,47,68431.270550,14088.906420,383693.204100,46643.265810,Adult
219,"Pamela M. Cantu",posuere.enim.nisl@lectusNullam.ca,USA,Male,47,62311.116410,9832.057310,830430.369200,56563.986750,Adult
220,"Hanna C. Martinez",Maecenas.mi.felis@amet.co.uk,USA,Male,60,53229.145470,10756.608880,112127.256700,41673.446170,Senior
221,"Lynn S. Avery",dui.Suspendisse.ac@Sedegetlacus.net,USA,Female,59,77662.110900,13444.896310,331460.472700,61118.469470,Senior
222,"Laurel H. Snow",dui.Suspendisse.ac@tacitisociosqu.org,USA,Female,36,69494.697830,20000.000000,335809.617100,37303.567010,Adult
223,"Keegan Q. Ramirez",aliquet@volutpatNulla.edu,USA,Male,47,61063.356310,12066.265710,509543.085900,46892.266170,Adult
224,"Shad K. Hancock",sit.amet@Proin.org,USA,Female,38,79368.917410,13501.926590,761935.517700,56457.740380,Adult
225,"Harding E. York",quis.lectus.Nullam@egestas.org,USA,Female,42,61693.443520,10835.257360,620522.384200,45509.697320,Adult
226,"Indira A. Aguilar",erat.Sed.nunc@aneque.ca,USA,Female,33,47211.668120,4295.225339,539365.936600,27625.441440,Adult
227,"Bell K. Romero",non.sapien.molestie@rhoncus.edu,USA,Female,39,69897.752910,9624.908869,565814.725000,46389.502370,Adult
228,"Cassady L. Foreman",magna.Suspendisse@tincidunt.edu,USA,Male,39,63675.932630,9631.974905,74257.827850,29002.056650,Adult
229,"Samson N. Wagner",magna@sagittisaugueeu.org,USA,Female,55,72302.032230,10813.756550,234159.079300,51355.710600,Senior
230,"Wade O. Diaz",vel.sapien.imperdiet@dolorsit.co.uk,USA,Male,45,63687.498800,13421.368210,358615.932700,42011.199650,Adult
231,"Len B. Finley",dis@dis.edu,USA,Female,51,63678.154680,5011.615145,563498.663600,52654.404550,Senior
232,"Emerald U. Hanson",dui.quis.accumsan@pedeCrasvulputate.co.uk,USA,Male,49,77435.465450,6922.152838,48620.321230,44432.717470,Adult
233,"Cody G. Gill",sagittis.Nullam@acrisus.com,USA,Female,46,62721.405140,16127.566190,494985.536300,46054.602530,Adult
234,"Kyle R. Kaufman",Morbi.vehicula@mattis.org,USA,Female,53,70842.835180,9536.899689,545946.999600,58235.414540,Senior
235,"Drake D. Gray",orci.consectetuer@porttitor.com,USA,Female,39,55285.986250,17462.075060,734443.696900,42990.292550,Adult
236,"Honorato M. Butler",Cum.sociis.natoque@purus.ca,USA,Female,43,72002.055200,14709.658240,568947.748700,50702.181030,Adult
237,"Tate C. Foster",dignissim.magna@Maurisvel.edu,USA,Female,70,41434.512580,6810.555606,252220.293700,47009.577410,Senior
238,"Zelenia L. Lowe",Nunc.mauris.elit@Curabiturvel.edu,USA,Male,51,60404.383940,4198.839128,513974.681200,49399.970410,Senior
239,"Callum U. Sweet",sem.ut@odio.edu,USA,Male,52,65239.064680,7437.211028,168703.338500,42997.167610,Senior
240,"Zane I. Boone",blandit@Cum.edu,USA,Female,45,62939.128510,632.052852,455589.797300,44434.984190,Adult
241,"Timothy J. Terrell",orci@lobortis.com,USA,Male,48,60608.403130,8233.280719,492113.006700,46325.509590,Adult
242,"Zahir A. Estes",eleifend.vitae@Pellentesquehabitantmorbi.ca,USA,Female,48,56118.396010,9242.775995,586717.471500,46846.730500,Adult
243,"Michelle W. Ryan",ante.lectus@duiCum.net,USA,Male,48,86706.333330,9653.264980,333543.693000,56499.102020,Adult
244,"Serena B. Moody",vitae.risus.Duis@hymenaeos.edu,USA,Female,57,41236.364970,9399.342975,466988.260200,42773.759050,Senior
245,"Mark V. Vaughn",Morbi.vehicula@ac.net,USA,Female,46,77146.275980,7903.334950,418764.506100,52313.983920,Adult
246,"Anjolie A. Galloway",consequat.nec.mollis@nec.ca,USA,Male,44,56437.304040,10461.982760,249182.784800,34139.637300,Adult
247,"Kylee O. Warner",cursus.in@neque.co.uk,USA,Female,65,70703.850130,5025.365518,284991.741500,60763.247310,Senior
248,"MacKenzie O. Fowler",Aliquam.nec.enim@nec.co.uk,USA,Male,57,69810.462650,4684.556433,720423.815700,66158.694940,Senior
249,"Lana S. Pace",augue@orci.com,USA,Female,47,54279.395970,5699.184814,124979.050100,31215.642100,Adult
250,"Wilma L. Stevenson",non.vestibulum@consectetuer.ca,USA,Male,36,70334.427870,9823.218967,632600.471800,46135.272330,Adult
251,"Sandra J. Huber",enim@famesac.org,USA,Male,57,59168.007510,10474.441870,623487.595200,56973.181050,Senior
252,"Octavius C. Spencer",Curabitur.consequat@miDuisrisus.com,USA,Male,33,61889.616180,12024.484570,133226.061700,24184.074430,Adult
253,"Brendan G. Kelley",vel@lorem.org,USA,Female,43,66013.951740,7039.540023,610942.140800,49079.619420,Adult
254,"Shaeleigh M. Mckenzie",diam.lorem.auctor@estmollisnon.net,USA,Female,46,55434.040460,18693.146520,316906.644100,37093.920330,Adult
255,"Rooney R. Padilla",eu.turpis@accumsansed.co.uk,USA,Male,45,68499.694470,15436.799680,308445.859800,43401.566120,Adult
256,"Damon K. Boone",nec@ad.net,USA,Female,43,54749.886450,7631.687821,152883.351900,29092.131100,Adult
257,"Taylor A. Patel",erat.vitae.risus@temporarcu.edu,USA,Female,38,74590.254950,5614.004976,573441.972400,48349.164570,Adult
258,"Lillith H. Larsen",dignissim.lacus.Aliquam@maurissapien.com,USA,Female,40,67772.666460,6887.248301,134188.449200,33261.000570,Adult
259,"Tobias L. Sullivan",tempus.non@nasceturridiculus.ca,USA,Female,43,62563.578250,6130.305181,426488.745900,41327.165540,Adult
260,"Quincy Q. Ayers",nisl.Nulla@Donecelementumlorem.net,USA,Male,42,70361.015040,12024.725110,575500.768700,49336.116280,Adult
261,"Ulysses X. Burch",Sed.nunc.est@arcuMorbi.edu,USA,Male,51,74810.894710,13658.342010,286849.787500,51405.552290,Senior
262,"Jorden I. Whitley",turpis@orci.com,USA,Male,38,49346.405000,5827.820346,479685.982400,31249.988030,Adult
263,"Heather G. Goodwin",semper.egestas@maurissapien.co.uk,USA,Female,41,73426.085210,14822.796450,336867.714700,43598.969930,Adult
264,"Yardley W. Jacobson",enim.non.nisi@Ut.net,USA,Female,54,47684.463060,10128.761140,613372.891700,48300.020570,Senior
265,"Gray F. Walker",lobortis.Class.aptent@iaculis.com,USA,Male,45,72939.831950,7787.204492,589669.657300,54013.475950,Adult
266,"Piper S. Houston",risus@enimconsequat.org,USA,Male,41,72277.826090,13580.877470,202710.129400,38674.660380,Adult
267,"Chester X. Carrillo",tempor.erat.neque@ac.com,USA,Female,40,53921.333510,9046.181090,515305.484100,37076.825080,Adult
268,"Nathaniel P. Stephens",Cras.dictum.ultricies@conubia.ca,USA,Male,32,65312.967550,11398.824860,572037.885900,37947.851250,Adult
269,"Jennifer C. Williamson",rutrum@fermentumconvallisligula.ca,USA,Male,54,55619.341520,11212.437910,229070.549100,41320.072560,Senior
270,"Rae C. Hodge",lacus@massaSuspendisse.ca,USA,Male,55,70914.599930,9644.410260,779143.600500,66888.936940,Senior
271,"Urielle M. Contreras",elit.Aliquam.auctor@dolor.org,USA,Male,35,33422.996830,8570.611562,211168.629300,12536.938420,Adult
272,"Mechelle W. Stanton",Pellentesque.habitant@auctorquistristique.org,USA,Male,46,53382.426930,5055.435710,438491.876000,39549.130390,Adult
273,"Leila F. Hubbard",ultrices.posuere.cubilia@magnisdis.com,USA,Female,45,74173.392390,11315.596260,521404.238600,52709.081960,Adult
274,"Tanisha H. Foster",sem.vitae@malesuadafringillaest.net,USA,Male,50,53587.128010,8501.497280,811594.039200,53502.977420,Senior
275,"Hammett F. Marsh",tempus.scelerisque@maurisaliquam.ca,USA,Female,54,58011.633900,9822.426192,552454.026300,52116.907910,Senior
276,"Calvin A. Lancaster",ante.bibendum.ullamcorper@fringilla.net,USA,Female,29,69171.952810,6354.833826,613104.784000,38705.658390,Teenager
277,"Rachel H. Ballard",ipsum.leo.elementum@amet.org,USA,Female,56,66779.913740,14300.126140,202576.619600,48025.025420,Senior
278,"Solomon P. Randolph",orci.luctus.et@lacus.com,USA,Male,54,79173.076700,6913.056830,397700.140400,59483.911830,Senior
279,"Kasimir Q. Cherry",risus@in.net,USA,Male,33,63065.121640,8907.661779,505897.304100,35911.645590,Adult
280,"Dominic I. Faulkner",pharetra.Nam@sociisnatoque.org,USA,Male,48,65530.364010,8774.069514,210573.704200,41034.283430,Adult
281,"Pascale I. Key",urna.suscipit@enim.ca,USA,Male,49,63732.393100,12848.200610,581620.482400,51730.174340,Adult
282,"Nola L. Sweeney",eu@necmaurisblandit.co.uk,USA,Male,55,62689.539640,8732.143355,481513.507400,53021.860740,Senior
283,"Clementine X. Powell",quis.pede@Aliquamfringilla.ca,USA,Male,42,51539.930450,6932.950306,371355.693500,32828.034770,Adult
284,"Quinlan U. Sears",magna@velarcueu.ca,USA,Female,41,59060.086640,5841.612044,136346.306900,29417.646940,Adult
285,"Odette Q. Sherman",Mauris.molestie@Intincidunt.co.uk,USA,Female,53,62713.781490,11498.039930,679435.174500,57461.511580,Senior
286,"Kirestin F. Yang",eleifend.egestas.Sed@tempus.net,USA,Female,53,44747.661320,4975.144559,793986.615500,50441.624270,Senior
287,"Colleen S. Mcguire",tincidunt@Proinsedturpis.edu,USA,Male,44,65529.703330,3932.838165,353929.549500,41575.347390,Adult
288,"Dennis N. Thompson",vitae.erat@urnaNullamlobortis.ca,USA,Male,42,62426.523790,6619.929677,630411.269800,46412.477810,Adult
289,"Lester J. Burch",Nunc.mauris@commodo.com,USA,Male,41,73498.307150,3066.939924,491904.189900,47610.117180,Adult
290,"Madeson R. Salinas",Cum.sociis.natoque@acnullaIn.edu,USA,Male,48,86565.156410,13701.799860,819002.174800,70878.296640,Adult
291,"Abigail X. Lindsey",dui@nondui.ca,USA,Male,63,46549.163290,640.045378,626163.832000,55543.384970,Senior
292,"Rachel E. Suarez",non.vestibulum.nec@euturpis.co.uk,USA,Female,59,70111.539800,7949.463649,239217.673200,53848.755500,Senior
293,"Derek X. Richards",tincidunt@porttitor.com,USA,Female,45,66747.668570,9691.234620,221290.981800,39904.816130,Adult
294,"Evangeline G. Cooper",Integer.id.magna@Sedidrisus.org,USA,Female,47,72025.676800,6988.652757,222341.034200,44736.410970,Adult
295,"Kieran G. Justice",in@Sed.co.uk,USA,Female,49,70737.293830,13851.111620,266765.477000,46937.174220,Adult
296,"Zenia H. Patel",dis@tortor.com,USA,Female,40,57455.760900,12186.027930,159727.875300,28440.812680,Adult
297,"Michelle R. Burke",dui@justo.ca,USA,Female,41,60657.593550,3331.304747,392177.789000,38148.001630,Adult
298,"Florence U. Hunter",diam@tellus.org,USA,Male,47,50694.427070,10881.901020,587858.629500,42747.539250,Adult
299,"Jelani A. Wall",aliquet@Duisa.co.uk,USA,Male,27,55369.727840,10888.934940,606851.169600,29670.833370,Teenager
300,"England, Abel D.",enim.commodo@parturientmontesnascetur.org,USA,Female,46,82425.646790,7525.252104,684273.591300,63038.204220,Adult
301,"Oconnor, Linus Q.",Donec.elementum@Fuscemilorem.co.uk,USA,Male,51,82094.107120,1065.607589,577272.680500,63248.761880,Senior
302,"Herman, Griffith P.",ligula.Nullam.enim@nibhlacinia.edu,USA,Male,43,74090.512990,10877.692230,225670.128800,42321.565480,Adult
303,"Knapp, Quamar P.",Maecenas.libero.est@miacmattis.com,USA,Male,32,73935.742010,8253.583457,625484.091700,44463.305020,Adult
304,"Chambers, Avram C.",Nunc.pulvinar.arcu@ultricesaauctor.ca,USA,Female,63,75719.229860,10515.281350,474485.665900,67092.232760,Senior
305,"Cervantes, Rylee Q.",luctus.lobortis.Class@sitametdapibus.co.uk,USA,Female,35,47054.142460,7234.672092,275762.483600,22091.118390,Adult
306,"Ashley, Macon Z.",metus.Vivamus.euismod@arcuVivamus.co.uk,USA,Female,50,42003.016170,6052.844775,579220.039300,40022.174060,Senior
307,"Jimenez, Joel G.",faucibus.lectus.a@ut.net,USA,Male,51,74418.557170,8632.699007,472761.620800,56071.613770,Senior
308,"Bond, Caryn Y.",libero.Proin@acnulla.net,USA,Female,54,52786.197100,9246.813159,556014.970400,49442.121070,Senior
309,"Gross, Cedric D.",aliquam.adipiscing@maurissapien.edu,USA,Male,37,78804.998240,12710.003090,315058.716700,42497.728620,Adult
310,"Dyer, Aline L.",convallis@scelerisque.net,USA,Male,44,66932.471760,11033.162770,149761.128100,37084.776210,Adult
311,"Rivers, Sonya A.",vel.lectus@Praesent.net,USA,Female,57,56066.076850,5235.759900,497876.247800,51866.487190,Senior
312,"Frazier, Kai O.",Cras@quamelementum.com,USA,Male,47,48591.571770,14309.211150,364858.714800,35716.311330,Adult
313,"Bond, Nyssa S.",fringilla.euismod.enim@aauctornon.net,USA,Male,52,38213.888440,11492.741740,579059.313200,39892.933430,Senior
314,"Rush, Jarrod T.",vestibulum.nec.euismod@netusetmalesuada.ca,USA,Female,52,56444.768480,11932.738810,69821.637600,35781.161560,Senior
315,"Stephens, Tanner E.",egestas@turpisnecmauris.com,USA,Male,48,67080.614200,7880.423663,244188.000800,42866.212740,Adult
316,"Mcdowell, Victoria J.",risus.Duis@ornareFuscemollis.net,USA,Male,47,73502.124580,11132.392990,765711.602500,60526.977880,Adult
317,"Dalton, Grant D.",velit@doloregestas.net,USA,Female,45,88816.026950,9317.221950,493592.176400,59758.732470,Adult
318,"Gregory, Reuben Z.",fermentum@blanditviverra.ca,USA,Female,40,70381.374990,6718.857016,305253.265800,39606.245980,Adult
319,"Schultz, Lee I.",velit.eget.laoreet@quis.ca,USA,Female,47,67647.747640,8767.783547,787984.288200,58641.710510,Adult
320,"Wise, Mechelle E.",est.mollis@dui.ca,USA,Male,45,79781.901260,11148.103250,427287.627700,52983.894110,Adult
321,"Mcclure, Avye L.",dictum@lorem.org,USA,Female,49,64665.391220,7404.080751,521815.735300,50666.881730,Adult
322,"Livingston, Blaze Y.",montes.nascetur@liberoet.co.uk,USA,Male,60,58837.970880,12788.815730,622324.749900,59625.026180,Senior
323,"Fuentes, Dora E.",nonummy@ornareelitelit.org,USA,Male,34,49607.234660,9344.323770,290711.867000,22630.259820,Adult
324,"Thompson, Alvin R.",interdum.ligula@Phasellus.edu,USA,Male,36,67032.164450,7666.530300,516738.172400,41137.894590,Adult
325,"Armstrong, Hedda N.",magnis.dis@aliquam.org,USA,Male,51,65245.573790,11554.272300,542777.489200,53496.481830,Senior
326,"Casey, Sylvia E.",Integer.vitae.nibh@a.org,USA,Male,42,56174.343300,10394.572460,398011.580400,36543.936420,Adult
327,"Shaw, Rooney Q.",Curabitur.vel@Nullam.net,USA,Male,48,47227.015420,11312.510350,642335.102100,43503.973490,Adult
328,"Sexton, Shaeleigh H.",Cras.convallis.convallis@Fuscealiquam.net,USA,Female,35,40300.494670,8828.164449,719846.982400,31146.710780,Adult
329,"Langley, Skyler J.",mi.eleifend.egestas@cursuset.net,USA,Female,44,45504.748660,9245.466786,374777.692900,31526.049310,Adult
330,"Caldwell, Yolanda F.",ac.facilisis.facilisis@necmalesuada.com,USA,Male,48,50017.381540,7514.393035,160487.000600,31083.702710,Adult
331,"Olson, Riley O.",ornare.sagittis@hendrerit.ca,USA,Female,47,66226.729020,8511.814921,356213.077600,45366.359630,Adult
332,"Irwin, Dillon J.",arcu@dictummiac.edu,USA,Male,31,41361.950450,10755.508420,615720.042500,25252.932210,Adult
333,"Terry, Mollie K.",quam.dignissim.pharetra@aauctornon.ca,USA,Female,45,56687.412730,9050.284083,414034.609600,39888.597890,Adult
334,"Hudson, Maxwell F.",metus.eu.erat@non.org,USA,Male,49,68114.601690,11633.952650,521061.111500,52240.728660,Adult
335,"Levy, Irma P.",lacus.varius@sitamet.ca,USA,Male,61,51086.884820,12254.539430,59630.077890,39911.611600,Senior
336,"Brady, Oscar Y.",erat@urnaUttincidunt.com,USA,Male,51,71921.450380,6354.372629,169714.265500,45857.753650,Senior
337,"Dudley, Ryder M.",sed@sedtortor.co.uk,USA,Female,35,56807.017280,8851.564939,385250.716300,30826.109030,Adult
338,"Morales, Halla M.",elit.elit.fermentum@erosturpisnon.org,USA,Male,53,43019.847500,8527.034281,454791.725100,39422.793890,Senior
339,"Holloway, Brennan Q.",fringilla.purus.mauris@risusatfringilla.ca,USA,Female,42,63875.209990,11397.686010,188327.583100,34678.832260,Adult
340,"Powers, Naomi B.",Cras.eu@vitaevelitegestas.net,USA,Female,39,41587.392380,5397.031602,322891.778700,23517.919830,Adult
341,"Armstrong, Naomi D.",nunc.sed.pede@Quisqueporttitor.net,USA,Female,38,49661.967120,4679.441732,375654.147200,28733.687790,Adult
342,"Flores, Caldwell U.",ut@Etiamvestibulum.ca,USA,Male,41,92471.176120,5404.397644,515717.747600,59096.269780,Adult
343,"Russo, Fleur N.",erat@at.edu,USA,Male,44,70136.828620,7765.975483,555993.108100,50188.866120,Adult
344,"Reese, Sylvia H.",Proin.nisl.sem@Maecenasmalesuada.co.uk,USA,Female,43,52664.717190,14435.743050,411932.819100,35659.122370,Adult
345,"Burke, Simon H.",lacinia@Nullam.com,USA,Female,39,55618.069420,7557.657205,854283.557400,46398.352040,Adult
346,"Mayer, Paki D.",Nunc.lectus.pede@egestasrhoncus.com,USA,Male,33,54912.440430,8203.562630,537572.133800,32291.189780,Adult
347,"Bush, Jessica C.",dolor.sit.amet@iaculisneceleifend.ca,USA,Male,47,56692.780440,7946.435929,685541.650100,49079.294610,Adult
348,"West, April J.",ante@nisi.org,USA,Male,45,63561.045250,3730.119720,608019.630800,49348.883940,Adult
349,"Levy, Wesley S.",facilisis.vitae.orci@sociosquad.co.uk,USA,Female,51,62788.935290,13224.451670,192514.643100,41427.597970,Senior
350,"Nieves, Bertha O.",dolor@velitegestas.org,USA,Male,42,38453.860330,15283.417520,320834.010200,24221.999370,Adult
351,"Patrick, Merritt L.",ut@nonummyut.net,USA,Male,55,59486.270730,6515.336778,228434.050800,44424.076810,Senior
352,"Mcdaniel, Marcia Z.",non.nisi.Aenean@etmagnis.co.uk,USA,Female,62,68149.630560,9560.448204,401916.098100,60390.066160,Senior
353,"Ortiz, Drew P.",tincidunt@vel.edu,USA,Male,52,49393.467840,11521.618900,475263.275900,42793.993200,Senior
354,"Oneill, Tiger A.",orci.Phasellus@ut.org,USA,Male,51,72262.202450,12124.823860,187821.095800,46935.727740,Senior
355,"Sims, Tashya J.",aliquam@anteNuncmauris.ca,USA,Female,63,64494.395350,8765.624109,408679.859600,58667.068650,Senior
356,"Lawrence, Hope Z.",metus.vitae@Morbisitamet.ca,USA,Female,46,54362.703070,15647.354490,388898.069000,38042.800650,Adult
357,"Jenkins, Hasad P.",adipiscing.elit.Aliquam@Utsagittislobortis.co.uk,USA,Female,47,55657.656810,9625.399586,377424.615700,39270.579090,Adult
358,"Rodriguez, Basia D.",Vestibulum@lobortis.org,USA,Male,58,73512.412690,11054.274780,236420.969500,54606.187690,Senior
359,"Blair, Abra U.",montes@Loremipsum.edu,USA,Female,37,70621.523930,9384.067625,366327.743200,39083.942680,Adult
360,"Rosario, Elijah N.",In@non.com,USA,Female,51,70275.687060,10359.175790,253181.978900,47984.120430,Senior
361,"Beach, Victor S.",consequat.auctor@lacuspede.co.uk,USA,Male,36,74420.102540,10274.135580,551344.336500,46082.809930,Adult
362,"Ruiz, Rafael L.",sed.pede@volutpatNulladignissim.net,USA,Female,32,54395.053560,10693.887040,549212.426800,30964.078040,Adult
363,"Macdonald, Rahim B.",augue.eu@nisi.edu,USA,Female,32,60384.345410,11518.291750,589180.448500,35726.952990,Adult
364,"Valdez, Joy U.",lobortis.quam@velarcueu.org,USA,Female,43,66813.664000,15458.688670,600685.191500,49065.163400,Adult
365,"Watson, Moana M.",ipsum.Suspendisse@diamDuismi.org,USA,Male,51,84120.954970,9596.513091,27888.745250,48955.858160,Senior
366,"Cote, Evangeline F.",lorem.tristique.aliquet@estNunclaoreet.net,USA,Female,43,54236.620920,7275.314728,432447.532400,37183.102930,Adult
367,"Delgado, Jasper U.",lacinia@posuere.ca,USA,Female,58,64426.596130,9514.645028,137601.844000,46710.525190,Senior
368,"Hardy, Hilary R.",egestas.Fusce@orciDonecnibh.com,USA,Female,49,71150.198940,9848.997857,480468.247000,52889.562570,Adult
369,"Stafford, Berk Y.",Quisque@ultriciessem.net,USA,Male,43,60325.206760,10128.115100,62149.940340,29754.662710,Adult
370,"Daugherty, Veda M.",venenatis.vel.faucibus@iaculisnec.net,USA,Female,48,91083.739180,13148.855970,387538.248700,60960.834280,Adult
371,"Harmon, David N.",aliquet.diam.Sed@posuere.org,USA,Male,40,60380.228680,2799.719601,508962.487400,39975.433020,Adult
372,"Houston, Grant O.",ut.aliquam@egetlacusMauris.ca,USA,Female,35,72948.118120,12664.320520,360457.049600,38545.803280,Adult
373,"Collier, Xerxes Q.",eu@magnaLorem.org,USA,Male,43,74834.571170,9366.027561,712233.824100,56764.447280,Adult
374,"Lewis, Jackson U.",pellentesque.a.facilisis@nonlacinia.co.uk,USA,Female,57,67752.383290,13851.921220,657178.413500,63079.843290,Senior
375,"Smith, Nola H.",orci.lacus.vestibulum@gravidasit.co.uk,USA,Female,47,59205.890350,2689.317953,856287.152200,55700.833890,Adult
376,"Jensen, Ebony Y.",ac@sagittisNullam.net,USA,Male,32,64874.033680,8511.835275,528087.527700,36367.184520,Adult
377,"Kim, Claudia W.",sit.amet@dignissimmagnaa.edu,USA,Male,44,63305.849630,16146.770160,749016.565000,52477.834790,Adult
378,"Livingston, Lucas K.",porttitor.scelerisque@Aliquam.ca,USA,Male,50,74176.207900,11894.424400,290608.397700,50296.674960,Senior
379,"Bradford, Daquan F.",Nunc@euarcuMorbi.ca,USA,Female,44,47230.922780,4421.153379,558001.024100,37259.843860,Adult
380,"Park, Quincy A.",amet.consectetuer@orciinconsequat.ca,USA,Male,57,65980.956170,7009.186038,173272.895400,47715.960490,Senior
381,"Dillon, Lynn W.",ornare.egestas.ligula@urnaVivamusmolestie.com,USA,Male,35,51428.663370,9221.265417,457116.194500,29540.870130,Adult
382,"Blackburn, Joel Y.",semper@tristique.co.uk,USA,Female,53,75381.075710,7925.059589,545125.959200,60567.188370,Senior
383,"Sanders, Selma F.",velit.Pellentesque@Nullam.org,USA,Female,41,54742.394600,10342.609170,447393.488300,36125.488460,Adult
384,"Solis, Melissa T.",placerat.eget@placeratorcilacus.com,USA,Male,44,76245.243400,6139.387823,674190.694900,57303.871310,Adult
385,"Holmes, Ross Y.",velit@Pellentesquetincidunttempus.net,USA,Female,63,60409.757870,9611.317626,255285.406300,51922.076910,Senior
386,"Sutton, Michelle D.",enim.Mauris@Namac.net,USA,Male,50,57600.596730,10340.300410,128387.929300,35848.829350,Senior
387,"Munoz, Kennedy K.",dolor@nislelementumpurus.edu,USA,Female,42,71371.925440,7094.827000,321431.279000,42704.322100,Adult
388,"Little, Hayley R.",nunc.est@purusmaurisa.co.uk,USA,Female,41,79444.013010,11620.107900,627086.656300,55174.989460,Adult
389,"Church, Lareina E.",lectus.rutrum.urna@nisinibh.co.uk,USA,Male,40,47569.442120,7840.293189,281690.843100,26599.908430,Adult
390,"Wolf, Tashya X.",nulla.Integer.vulputate@eutelluseu.edu,USA,Female,40,71193.728030,3854.733177,762832.260600,53993.443220,Adult
391,"Barr, Hyatt D.",sem@odiovel.edu,USA,Female,56,46412.821360,11652.272900,595028.843100,47970.767670,Senior
392,"Hopper, Orson W.",luctus@magnaseddui.net,USA,Female,48,57368.056220,10175.744570,466128.911800,43641.657270,Adult
393,"Decker, Jolie T.",pellentesque.massa.lobortis@facilisis.net,USA,Female,41,65826.122910,11715.371400,416748.730900,41679.792900,Adult
394,"Chaney, Reuben I.",Integer@vulputate.net,USA,Male,61,61824.879800,11211.995020,660897.014600,63140.050820,Senior
395,"Ross, Kermit D.",Donec@lacusQuisquepurus.net,USA,Female,35,61723.006130,9913.194941,291897.405700,30757.657260,Adult
396,"Hampton, Venus Q.",elit@faucibusMorbivehicula.net,USA,Male,55,72310.396230,3093.707686,724025.409700,65592.220120,Senior
397,"Chavez, Ralph U.",Aenean@interdum.edu,USA,Male,37,67548.774150,10462.355810,388284.297400,37871.708200,Adult
398,"Whitaker, Adena B.",pharetra.sed.hendrerit@accumsanneque.com,USA,Male,48,62175.689450,12967.284000,343290.677000,42919.519600,Adult
399,Nola,elit@Fuscealiquamenim.ca,USA,Male,32,60584.854580,8133.459310,129635.634300,22599.458630,Adult
400,Melodie,facilisi.Sed@tortordictum.com,USA,Female,62,66655.414200,8001.644302,805075.519700,70598.967680,Senior
401,Seth,dignissim@nibhPhasellus.com,USA,Male,49,63718.881200,11863.064280,298920.006700,43242.582240,Adult
402,Kyra,Etiam@diamluctus.org,USA,Male,43,60862.977490,8033.550461,344060.175400,38138.575110,Adult
403,Caldwell,amet@congue.edu,USA,Female,36,67508.122930,10188.686850,141587.649800,30419.800000,Adult
404,Benjamin,nisi.Mauris.nulla@vitaeodiosagittis.ca,USA,Male,61,61639.763860,17870.637650,684209.551000,63868.940510,Senior
405,Florence,eros@faucibus.com,USA,Male,46,63172.957290,6332.201900,456524.794400,45112.945470,Adult
406,Oleg,Aenean.gravida@mifelis.com,USA,Male,57,58653.659100,17142.413320,201228.020600,44361.875070,Senior
407,Donovan,iaculis.odio.Nam@sedfacilisis.org,USA,Female,36,40558.754560,4981.269146,283241.276900,19525.298270,Adult
408,Blaze,vitae.semper.egestas@montesnascetur.co.uk,USA,Male,49,76870.007650,5575.323416,266531.296900,49991.606970,Adult
409,Illana,mi.pede.nonummy@euismodetcommodo.org,USA,Female,63,71948.805290,8061.968487,365862.781800,61731.714260,Senior
410,Yvette,justo@pedeCras.ca,USA,Male,49,67629.848190,10916.855320,151946.308900,41769.382880,Adult
411,Walter,metus.vitae.velit@CuraePhasellus.co.uk,USA,Female,44,67121.321660,12087.381160,472403.123100,46402.535830,Adult
412,Dexter,est.arcu@in.org,USA,Female,43,57376.480300,12878.545820,376886.359000,37376.634390,Adult
413,Cameran,tristique@ligulaAliquam.net,USA,Male,48,56944.870770,16449.066500,116407.528900,33766.641300,Adult
414,Penelope,vestibulum@metus.org,USA,Male,37,60174.057650,15666.431550,271414.759200,30667.609270,Adult
415,Hyatt,erat.Vivamus@ligula.co.uk,USA,Female,49,81997.330710,12616.456220,237185.171400,52056.414780,Adult
416,Stone,neque.non@iaculisaliquet.edu,USA,Female,40,36960.769940,1768.874438,630120.001000,30736.579800,Adult
417,Irma,placerat.eget.venenatis@elitpharetraut.edu,USA,Male,42,64412.431010,10449.618180,355175.367700,39439.453490,Adult
418,Josiah,Phasellus@Aliquamadipiscing.co.uk,USA,Female,30,70076.227640,1726.809885,552267.636100,38174.874330,Adult
419,Nathan,Nam.interdum.enim@et.com,USA,Female,43,72016.924590,11602.742970,205006.216100,40589.862500,Adult
420,Stacy,aliquet.odio@fermentumvel.edu,USA,Male,55,63186.127830,7122.163863,762601.083600,62028.711920,Senior
421,Kane,iaculis.quis.pede@adipiscingenim.net,USA,Male,40,76086.841220,9258.181529,482866.545700,48465.272110,Adult
422,Reed,diam.nunc@lectusconvallisest.org,USA,Female,38,74445.727020,7515.152476,297964.263800,40095.049800,Adult
423,Lani,odio.Phasellus@fringilla.co.uk,USA,Male,43,85475.642020,13786.149420,267555.117800,49568.476850,Adult
424,Curran,risus@Sedmalesuada.net,USA,Female,37,51111.766050,9057.600508,461366.782900,31408.626310,Adult
425,Rhonda,Sed.congue.elit@faucibusleo.ca,USA,Male,41,79064.955900,7221.667169,365871.499200,47719.477410,Adult
426,Leroy,arcu.et.pede@Morbinequetellus.org,USA,Female,42,55514.993400,8009.719809,394229.897200,35784.424110,Adult
427,Adrienne,mauris.Morbi@ligulatortordictum.net,USA,Male,38,75901.818290,6512.711020,357468.186600,42905.538150,Adult
428,Aileen,venenatis.lacus@nuncQuisque.edu,USA,Male,43,56687.939490,10827.161400,790116.425200,48516.843350,Adult
429,Rafael,nonummy.Fusce@sem.net,USA,Male,44,59801.063110,8042.386734,601744.960700,45593.684900,Adult
430,Olivia,lacus.vestibulum.lorem@gravidaAliquamtincidunt.ca,USA,Male,41,57303.833250,10836.417090,258194.844300,32061.646700,Adult
431,Hiram,ipsum.non.arcu@placeratorci.com,USA,Male,46,43412.863010,7843.402994,392003.286400,32208.375220,Adult
432,Jelani,consectetuer.adipiscing.elit@vestibulumneceuismod.net,USA,Female,46,58948.932610,8282.075073,205439.366300,35475.003440,Adult
433,Madeson,libero.et@Crasdictum.ca,USA,Female,40,56086.450330,6588.606462,228388.549100,29519.561840,Adult
434,Uriah,molestie@commodoauctorvelit.co.uk,USA,Female,45,80015.831150,9064.618618,508555.159200,55420.566680,Adult
435,Brady,massa@nec.co.uk,USA,Female,58,41409.293900,8211.340920,421318.976400,42139.645280,Senior
436,Denise,montes@inconsectetuer.edu,USA,Male,62,40387.920700,5761.401538,622569.595900,50539.901690,Senior
437,Lyle,nascetur@amet.org,USA,Male,52,48746.716660,3923.407178,217188.405600,34922.428460,Senior
438,Victor,lectus.a@nonhendreritid.org,USA,Male,44,70230.154980,8542.019129,320525.728200,43898.273300,Adult
439,Demetria,Donec.at@sedlibero.net,USA,Male,44,64961.393050,6885.723977,265717.254200,39135.030230,Adult
440,Ora,bibendum.Donec.felis@liberoestcongue.org,USA,Female,40,57777.155580,19692.912620,601210.280300,41147.466790,Adult
441,Trevor,Sed@Pellentesquetincidunttempus.edu,USA,Male,33,54447.152750,13141.319690,284155.415500,24134.592050,Adult
442,Kristen,urna@vitaeodiosagittis.ca,USA,Female,44,59712.311010,7135.987550,487564.554100,42705.113110,Adult
443,Aristotle,ac@non.com,USA,Male,42,65605.417980,13629.110400,297540.881400,38901.609250,Adult
444,Camden,Aliquam.adipiscing.lobortis@loremut.net,USA,Female,20,70467.294920,100.000000,494606.633400,28645.394250,Teenager
445,Urielle,est.congue@Nunc.edu,USA,Male,53,76318.878830,6392.211408,245216.169100,52150.417860,Senior
446,Jolene,erat.neque.non@elit.com,USA,Female,56,77657.562430,14438.242330,622831.922000,66648.250770,Senior
447,Holly,accumsan@parturientmontes.net,USA,Female,44,60487.901160,9911.037592,478428.717400,42909.271290,Adult
448,Wayne,molestie.orci@condimentum.com,USA,Female,52,67729.972500,10279.912640,314885.134500,49248.105950,Senior
449,Judith,vel.nisl.Quisque@mollisPhasellus.co.uk,USA,Male,43,49463.063500,6478.156506,201636.866000,27303.171040,Adult
450,Dennis,nunc.nulla.vulputate@dignissimmagnaa.edu,USA,Female,49,65850.476880,3912.385616,419556.619800,47869.825930,Adult
451,Kaitlin,parturient@Nuncsollicitudincommodo.co.uk,USA,Female,56,66505.381240,3942.767620,621309.586300,59984.163610,Senior
452,Harriet,amet.orci@tellus.net,USA,Male,47,58260.572320,4658.414540,507572.635000,45271.460810,Adult
453,Tatyana,sem@parturientmontesnascetur.net,USA,Male,25,45092.740730,11380.092880,158758.357700,9000.000000,Teenager
454,Paula,Nam@enimmitempor.com,USA,Female,45,63845.771860,7761.848528,505048.759900,46012.106160,Adult
455,Tamekah,ut.pharetra@ametultricies.net,USA,Female,46,55293.575000,8276.644566,169475.996800,32967.201910,Adult
456,Brandon,non@purusaccumsaninterdum.com,USA,Male,33,87598.015010,10814.579150,485563.736300,48785.158390,Adult
457,Veda,et.euismod@Duis.co.uk,USA,Female,43,71753.308770,9119.791422,400703.265500,45824.565600,Adult
458,Seth,Nulla.aliquet@sedturpisnec.co.uk,USA,Female,48,45368.155610,12203.487780,577058.177300,40102.114170,Adult
459,Kai,velit@molestie.com,USA,Male,48,45362.669820,2524.992105,399437.523500,35457.148600,Adult
460,Piper,erat.neque@mattisvelitjusto.org,USA,Male,40,40727.391960,9725.549901,508528.995700,29556.793200,Adult
461,Hillary,ut.mi.Duis@quisarcu.com,USA,Female,39,58632.588750,12035.370790,516817.317300,38243.062280,Adult
462,Francis,Phasellus@estcongue.ca,USA,Male,39,66680.274100,10263.148990,556945.874200,44430.633230,Adult
463,Rogan,pulvinar@porttitortellus.ca,USA,Female,54,75892.305300,8110.946984,177878.175800,51046.422260,Senior
464,Kyle,a.feugiat@enimnisl.com,USA,Male,53,59297.416310,9592.433147,567842.126700,52570.365170,Senior
465,Vaughan,Aliquam@aaliquet.com,USA,Male,51,92455.728070,9877.169366,285326.354400,61404.225780,Senior
466,India,risus.at.fringilla@feugiat.ca,USA,Male,55,32697.981610,10858.025260,218808.755300,28463.643260,Senior
467,Edward,rutrum.urna@faucibusidlibero.co.uk,USA,Female,35,55418.756060,8837.654857,312927.918700,27586.200780,Adult
468,Laurel,felis@orciconsectetuereuismod.ca,USA,Male,43,68921.402130,8120.204455,515012.280400,47979.485490,Adult
469,Igor,Proin.eget@aliquetnecimperdiet.org,USA,Male,37,43739.978290,5933.177726,517110.945400,28164.860390,Adult
470,Diana,purus.ac.tellus@parturientmontesnascetur.org,USA,Male,60,81565.959670,9072.063059,544291.950400,69669.474020,Senior
471,Todd,egestas.a@vel.ca,USA,Male,44,65364.063340,7839.414396,579640.798200,48052.650910,Adult
472,Zephania,montes@sedsem.ca,USA,Female,39,65019.157010,4931.560160,341330.734400,37364.234740,Adult
473,Brock,Vivamus.nisi@elitpharetraut.ca,USA,Female,42,58243.179920,15149.034260,649323.787800,44500.819360,Adult
474,Avye,Cras@eros.net,USA,Male,32,73558.873340,11164.526520,301245.770800,35139.247930,Adult
475,Serena,odio.Nam@estac.ca,USA,Female,52,66088.023690,6769.181833,557098.963600,55167.373610,Senior
476,Barclay,diam.Proin@ut.edu,USA,Male,56,54441.724370,4362.720324,432850.415700,48383.690710,Senior
477,Isabella,et.magnis@necmetus.ca,USA,Female,41,60101.797250,12989.367840,340720.518500,35823.554710,Adult
478,Mia,sed.est@afelisullamcorper.edu,USA,Female,51,50153.435450,6596.013690,266939.174600,36517.709960,Senior
479,Chester,Integer@odioauctor.co.uk,USA,Male,58,61430.934150,11561.073650,421891.846000,53110.880520,Senior
480,Isaac,pretium.aliquet.metus@pretiumneque.com,USA,Male,51,65846.509600,9141.668545,531840.334200,53049.445670,Senior
481,Heather,erat.Etiam@elementum.org,USA,Female,29,55433.611870,10769.750590,276466.620300,21471.113670,Teenager
482,Justine,orci.adipiscing@penatibuset.com,USA,Female,53,62979.601960,14297.253660,247421.918500,45015.679530,Senior
483,Bert,sem.Pellentesque@quis.net,USA,Male,43,76523.332580,10373.008560,620355.265800,55377.876970,Adult
484,Gil,Phasellus.fermentum@dictumplacerataugue.net,USA,Male,62,63956.161800,16978.527450,360787.640100,56510.132940,Senior
485,Dolan,ipsum.Phasellus@egestasblanditNam.edu,USA,Female,60,39460.003480,8769.290288,571245.371400,47443.744430,Senior
486,Cheryl,iaculis.enim@nislelementum.edu,USA,Female,37,66923.435360,8611.468093,522814.817000,41489.641230,Adult
487,Courtney,porttitor.tellus@elitelit.org,USA,Male,43,50051.140390,893.235341,347177.836700,32553.534230,Adult
488,Neville,felis.Nulla@mi.ca,USA,Male,42,61575.950200,594.804949,497197.264000,41984.624120,Adult
489,Gloria,Curabitur.egestas.nunc@fermentumfermentum.ca,USA,Male,55,64430.073980,6924.106833,664862.010200,59538.403270,Senior
490,Jonah,augue@risusNuncac.co.uk,USA,Female,46,63722.001640,10711.444720,316128.400200,41352.470710,Adult
491,Merrill,dolor.sit@turpisIn.com,USA,Female,50,78518.215270,10072.482980,294506.084400,52785.169470,Senior
492,Nolan,Donec.at@neccursus.co.uk,USA,Male,55,72424.801120,9831.184792,523680.769900,60117.678860,Senior
493,Winter,egestas.urna.justo@maurissagittis.edu,USA,Male,43,77665.171950,13308.879320,349588.560800,47760.664270,Adult
494,Rigel,egestas.blandit.Nam@semvitaealiquam.com,USA,Male,52,77345.616330,6736.751680,665099.139000,64188.268620,Senior
495,Walter,ligula@Cumsociis.ca,USA,Male,41,71942.402910,6995.902524,541670.101600,48901.443420,Adult
496,Vanna,Cum.sociis.natoque@Sedmolestie.edu,USA,Female,38,56039.497930,12301.456790,360419.098800,31491.414570,Adult
497,Pearl,penatibus.et@massanonante.com,USA,Female,54,68888.778050,10611.606860,764531.320300,64147.288880,Senior
498,Nell,Quisque.varius@arcuVivamussit.net,USA,Female,59,49811.990620,14013.034510,337826.638200,45442.153530,Senior
499,Marla,Camaron.marla@hotmail.com,USA,Female,47,61370.677660,9391.341628,462946.492400,45107.225660,Adult
